match,R1,R2,R3,B1,B2,B3
1,2186,10449,1885,539,6882,122
2,4099,3258,9403,2028,8326,8230
3,449,2988,2068,526,116,4472
4,1895,2890,3136,612,5587,2363
5,9072,5338,4638,5549,1908,5353
6,2534,2377,1793,5243,1731,2963
7,3359,611,2028,3373,620,10449
8,2363,1885,2068,4099,2988,612
9,6882,9403,1908,116,122,3258
10,9072,5243,2186,4638,8326,2890
11,1895,2963,3373,1793,620,526
12,5353,539,5587,8230,2534,3359
13,449,3136,4472,611,1731,5549
14,2988,2377,4638,10449,5338,2028
15,1793,2186,2068,620,2363,9403
16,3359,526,122,2890,2534,9072
17,3258,1908,612,539,3136,2963
18,5353,116,5243,4099,8230,4472
19,8326,1731,1885,5338,5549,1895
20,6882,611,3373,449,2377,5587
21,4638,526,3136,539,612,2068
22,4472,2028,620,10449,116,1908
23,2186,5549,122,1793,5338,8230
24,2963,4099,2363,611,9072,449
25,8326,2534,1895,5587,3373,2988
26,9403,5353,1731,2890,2377,3258
27,2028,1885,5243,6882,3359,3136
28,1793,10449,2963,116,2186,4099
29,4472,5587,1908,5338,2988,526
30,122,611,8230,2363,4638,1731
31,2890,449,539,620,1895,5353
32,2068,3258,3373,5243,5549,2377
33,612,3359,9403,8326,9072,6882
34,2534,2028,526,1885,4638,611
35,5338,5353,4099,3136,122,2988
36,1908,449,2963,8230,2890,5243
37,2377,8326,612,3359,1793,116
38,2186,5587,620,3258,4472,2363
39,9403,5549,10449,539,3373,2534
40,2068,9072,1731,6882,1895,1885
41,2890,612,1793,116,2028,449
42,4638,620,3359,122,2363,2377
43,5243,1908,3373,8230,5353,2186
44,2534,5587,6882,2068,2963,5549
45,8326,4472,611,1885,9072,539
46,10449,526,4099,1731,3258,1895
47,5338,3136,620,2988,9403,8230
48,3373,2028,1793,1908,2068,3359
49,116,1885,5549,5587,4638,5243
50,611,4099,2377,122,612,2534
51,2363,6882,2890,3258,539,5338
52,526,449,8326,3136,10449,5353
53,2988,4472,1731,2963,9403,9072
54,1895,3359,5587,2186,1908,2377
55,5549,620,2890,4638,2534,4099
56,2363,449,5338,526,3373,1885
57,2028,1731,3136,9072,1793,5353
58,2988,1895,116,611,2186,3258
59,2963,8230,6882,122,2068,8326
60,9403,5243,539,612,4472,10449
61,2028,4099,5587,5549,3359,449
62,620,116,2534,1731,5338,1908
63,1885,2963,2988,3373,3136,2186
64,8230,539,2363,2377,9403,526
65,3258,10449,8326,2068,2890,611
66,5353,6882,4638,1895,1793,4472
67,620,5243,122,9072,612,2028
68,3373,2363,116,1731,4099,539
69,2963,2890,3359,5549,2988,8326
70,2534,2068,9403,449,4638,2186
71,1885,5353,3258,5587,611,1793
72,4472,122,5338,5243,1895,612
73,3136,8230,9072,2377,6882,10449
74,526,2363,5549,1908,8326,620
75,3359,539,2988,1731,1793,449
76,612,2186,5338,5353,2963,2028
77,10449,122,9072,5587,2068,116
78,3136,3258,2534,4472,3373,4638
79,2377,8230,1895,9403,1885,2890
80,1908,526,611,4099,5243,6882
81,1446,7886,11318,1389,888,6882
82,2186,2421,3373,4821,4464,116
83,3714,4472,5549,2900,2537,5243
84,1731,5841,1727,4638,4456,449
85,2988,2914,5353,8590,5338,5587
86,2912,6239,4464,11211,4821,4472
87,5549,888,2537,3373,6882,2900
88,5243,2186,3714,2988,2421,5841
89,8590,4456,1446,5338,1731,2912
90,6239,7886,2914,4638,5353,1389
91,11318,116,1727,5587,449,11211
92,5243,5549,4821,6882,1731,8590
93,5353,2900,5841,6239,1446,3373
94,449,2421,7886,2186,888,5587
95,1389,4472,2988,116,4456,5338
96,2914,2912,4638,11318,3714,4464
97,1727,11211,5353,2537,4821,2186
98,449,5338,4472,6239,5549,1731
99,1389,116,7886,5841,4464,3373
100,8590,2900,2988,1727,2537,2914
101,1446,3714,5587,888,11318,4456
102,6882,2912,11211,4638,5243,2421
103,4464,7886,1727,5353,6239,5338
104,5587,5549,2900,4821,1389,11318
105,2912,1446,888,5243,2988,116
106,4472,2914,2186,5841,11211,3714
107,3373,4638,1731,449,6882,2537
108,2421,8590,5549,4456,5587,7886
109,2186,2912,116,1727,6239,4472
110,2537,11211,1446,5338,888,5841
111,11318,3373,2988,5353,1731,5243
112,8590,1389,449,4821,3714,4638
113,2421,4464,2900,4456,6882,2914
114,116,5353,5587,1731,2988,888
115,5338,5243,11318,5549,4638,2186
116,4821,5841,6882,2912,1727,4456
117,3373,4472,8590,2421,1389,11211
118,3714,2537,6239,4464,2914,1446
119,2900,116,449,7886,2912,5243
120,11211,4456,2186,3373,5587,1389
121,4638,2988,6239,6882,1727,5549
122,3714,5338,7886,1446,5353,4821
123,449,5841,2914,888,2900,4472
124,2537,8590,4464,1731,11318,2421
125,4456,3714,3373,11211,116,6239
126,5338,2988,5549,7886,2900,4638
127,5353,2186,6882,2912,11318,8590
128,5841,1446,1389,4464,1731,449
129,888,1727,4821,4472,2421,2537
130,5587,5243,6882,2914,3373,5338
131,1731,11211,2900,4464,2186,2988
132,4456,2537,1389,3714,5353,2912
133,6239,449,888,1727,8590,5243
134,2914,4821,2421,1446,5549,116
135,11318,5587,4638,4472,7886,5841
136,5243,3373,888,1389,2186,6239
137,11211,4464,5338,5549,449,2912
138,2988,4821,4456,2900,2914,11318
139,2421,1727,5353,4472,4638,1446
140,2537,5587,1731,116,6882,3714
141,5841,5243,4456,7886,8590,11211
142,888,4638,4464,2900,5338,4821
143,2914,1389,1731,2186,1446,1727
144,6882,6239,2421,2988,449,3714
145,5549,11318,5353,116,5841,8590
146,5587,4472,2912,7886,3373,2537
147,1719,2106,401,449,540,9072
148,3748,8590,4472,2890,3258,8592
149,10224,1111,5549,346,1086,2068
150,1731,4099,2199,5804,2537,3361
151,5724,11318,422,10679,1389,122
152,5587,619,620,836,3939,614
153,2421,1629,1727,11425,1895,686
154,1908,5243,10004,1262,4541,11415
155,9033,5338,3136,2377,339,888
156,540,1086,8592,1719,3361,1731
157,2068,1389,449,9072,2106,5804
158,10224,2199,2890,122,5549,5587
159,11318,619,1111,686,3258,422
160,2421,3748,346,10679,620,1908
161,888,10004,3136,5243,11425,614
162,11415,339,8590,5724,2377,1895
163,401,4099,4541,9033,1629,836
164,2537,1262,4472,3939,1727,5338
165,1111,540,2199,5804,11318,2890
166,1086,3361,122,2106,619,2421
167,686,614,5549,10004,10679,8592
168,5243,1389,3136,1719,3748,339
169,4541,422,1731,1895,346,9072
170,5587,11415,1727,4099,449,3258
171,836,5338,1262,2068,8590,5724
172,10224,2377,4472,1629,11425,3939
173,1908,888,2537,620,401,9033
174,5243,2106,3361,5549,2421,8592
175,11318,1389,3748,10004,614,4541
176,3136,10679,449,1111,1727,1895
177,619,4099,836,5338,1719,540
178,4472,2068,5804,2377,1262,122
179,9072,3939,9033,346,11415,2890
180,2199,1908,5587,8590,2537,1629
181,620,686,5724,10224,888,422
182,11425,1086,3258,1731,401,339
183,614,3136,1895,3361,5338,4099
184,1719,449,2377,11318,10679,1262
185,540,2068,122,9033,4541,3748
186,1629,2890,619,2537,5243,1111
187,8592,1727,5804,620,10224,1389
188,888,836,1086,422,2199,11415
189,3939,401,4472,2421,686,1731
190,5549,5724,11425,9072,1908,3258
191,339,346,10004,8590,5587,2106
192,1629,1895,10679,122,2890,4099
193,3748,8592,620,1262,9033,619
194,2537,4541,5338,11415,1086,10224
195,836,11318,449,4472,1731,888
196,3258,3136,401,422,5243,2068
197,3361,9072,2421,5587,2377,10004
198,614,5724,1719,1727,2106,346
199,540,5804,686,5549,1908,339
200,1111,11425,8590,3939,2199,1389
201,3748,5338,888,1629,449,4541
202,3258,122,2537,8592,836,3136
203,2068,11415,1731,620,2421,2890
204,11318,5243,4099,5724,346,10224
205,9072,686,5587,3361,540,1262
206,1389,8590,401,5549,619,10679
207,2377,1727,11425,2106,1111,422
208,339,614,2199,1908,4472,1719
209,5804,9033,1895,3939,10004,1086
210,4099,1629,11415,8592,2068,11318
211,3258,3361,620,5338,122,449
212,3136,2537,346,8590,1262,2421
213,1731,5549,540,1727,5724,888
214,4541,339,2106,686,2199,619
215,1895,422,3939,1908,10224,3748
216,1389,2377,614,1086,2890,401
217,10004,1719,9033,4472,5587,1111
218,10679,5804,5243,11425,836,9072
219,888,3258,2068,346,8592,3361
220,619,1731,5724,3136,1629,2199
221,2106,5549,11318,1262,3748,3939
222,449,10224,2537,1389,540,1908
223,8590,2890,2377,4541,686,1719
224,1895,620,1086,4472,10004,836
225,11425,422,10679,4099,5587,9033
226,11415,2421,5338,401,1111,5804
227,614,122,1727,5243,9072,339
228,3258,3939,2106,540,10224,1629
229,449,5724,1908,2377,8592,619
230,2068,1895,3748,2199,1719,2537
231,2890,4541,11425,10004,422,3361
232,10679,11415,836,3136,4472,5549
233,122,5804,346,1727,401,686
234,9033,339,2421,5338,11318,614
235,1262,5587,5243,1086,1731,1389
236,4099,9072,1111,888,8590,620
237,5724,10004,3258,1895,2537,2106
238,2890,5549,2068,619,449,11425
239,346,3939,540,122,4472,11415
240,8592,1719,1629,422,5804,5338
241,686,9033,1389,836,2421,5243
242,1086,9072,2377,3748,3136,4099
243,339,1262,10224,401,888,10679
244,4541,1111,1908,1731,614,5587
245,2199,3361,8590,1727,620,11318
246,619,122,1719,11415,11425,10004
247,5338,346,1629,1389,836,5549
248,2890,4472,5243,2106,4099,2377
249,339,10679,686,2537,2068,3939
250,5587,888,4541,5804,3136,5724
251,614,9033,10224,449,1731,8590
252,401,8592,9072,2199,1895,11318
253,3361,1908,1727,1111,3748,1086
254,422,620,1262,2421,3258,540
255,8069,6665,11214,2491,4450,10991
256,9572,2582,11242,5895,2813,7915
257,2635,16,6487,7769,449,6429
258,1756,3931,1816,8858,6528,7183
259,2556,364,2468,4607,8119,4125
260,2393,3501,4655,3937,6985,10034
261,5705,3753,3082,5913,484,4020
262,5577,1506,51,1391,5181,1023
263,1533,10980,9496,3243,2231,11417
264,614,2590,4469,7415,6201,5653
265,8229,111,2054,11244,1768,6911
266,1403,1690,4766,4087,3544,7840
267,2491,8159,8119,931,4322,2813
268,8858,2556,9572,3501,6487,4450
269,1756,449,484,4607,8069,2582
270,364,1023,6985,6665,7183,1391
271,3082,9496,2468,5705,11214,16
272,3937,5653,3243,7915,2231,6429
273,3753,2054,11417,6528,614,51
274,4766,1768,2635,1816,6201,4655
275,8159,5895,1690,3931,7769,1506
276,4020,7415,2393,4125,1403,8229
277,1533,7840,11242,10034,2590,5913
278,111,5181,10991,10980,4469,4087
279,4322,6911,5577,931,11244,3544
280,6429,5653,1756,5705,3501,1023
281,2556,8069,3243,11417,16,614
282,3753,4450,6528,9496,6985,8119
283,2231,2054,4607,5895,3082,1816
284,4020,1403,2635,1391,364,1506
285,11242,51,2491,7769,1768,3937
286,6665,4469,1533,2393,7840,6487
287,6201,4125,10991,11244,9572,3931
288,449,7915,8858,5577,11214,4087
289,4322,5181,3544,4655,111,484
290,8229,931,1690,7183,2468,2590
291,2582,6911,8159,10980,7415,5913
292,6528,2813,4766,10034,1506,16
293,8119,8069,3937,5653,5895,1403
294,4020,1756,7769,6985,1533,2054
295,3243,3501,1768,6487,11244,1391
296,2231,4469,5577,9572,2491,2635
297,11214,1816,1023,2393,4087,364
298,7183,8229,7915,7840,6201,3753
299,2582,5913,614,2468,10991,3544
300,484,7415,51,6429,111,4450
301,3931,4655,2813,6665,3082,2556
302,6911,10034,5181,1690,11417,449
303,8159,4322,8858,4766,9496,2590
304,11242,10980,4607,4125,5705,931
305,16,3937,5895,1816,6985,4020
306,6528,1403,1768,11214,9572,7769
307,2054,7183,3501,4469,3544,8069
308,2468,484,7840,51,2231,6201
309,2813,1023,11244,1533,7915,4450
310,6487,2491,7415,11417,10034,8119
311,10991,8159,3243,3082,5577,364
312,1391,614,9496,6911,4607,1756
313,449,5913,931,2556,4766,2393
314,2590,4655,5653,10980,3753,1506
315,5181,2635,5705,2582,8229,6665
316,11242,6429,4125,111,1690,8858
317,4322,4087,7915,3931,2468,8069
318,1768,5895,11417,3544,7183,1023
319,484,11244,10034,1403,1816,8159
320,2813,364,2231,7415,7769,3501
321,4450,7840,3243,449,6528,2491
322,3937,1391,3753,16,931,1533
323,9572,5705,2393,6911,51,2590
324,4655,2582,4469,4607,4020,8858
325,8119,10991,3082,1506,8229,11242
326,5913,6487,3931,111,2635,6985
327,5181,11214,6429,614,4766,4322
328,6201,10980,1690,5577,2556,1756
329,5653,9496,6665,4087,2054,4125
330,1816,3501,2468,1403,1533,449
331,11417,1391,7769,2590,7915,484
332,2231,931,6528,8069,4655,364
333,4469,4450,8159,8229,3937,5705
334,5895,2393,111,3243,2491,3753
335,8858,8119,614,5913,1023,9572
336,7840,5577,10034,1768,3931,4607
337,1756,1506,11244,6487,11242,4087
338,4125,6911,7183,4766,2582,3082
339,3544,6665,6201,6429,4020,10980
340,2635,11214,7415,2054,2556,5181
341,5653,51,6985,1690,9496,2813
342,16,2393,1403,10991,4322,2231
343,4450,1391,9572,2468,11417,8159
344,7769,4607,5577,3753,8069,111
345,931,1506,5895,3501,614,7840
346,4469,4766,6911,3931,3243,11242
347,4087,6429,7183,2491,4655,5913
348,2590,8119,4020,11214,449,11244
349,1023,6201,2582,9496,6487,3937
350,6528,5705,3544,2556,4125,2813
351,7415,1816,1533,1690,6665,10991
352,51,10034,8229,2635,5653,4322
353,364,484,16,2054,8858,10980
354,7915,1768,3082,6985,1756,5181
355,7183,11242,4450,5577,2393,614
356,9572,4087,4020,7769,3243,931
357,6201,11417,111,3501,2582,11214
358,3544,2231,3931,5705,8119,1391
359,11244,10991,9496,5895,6429,2556
360,6487,1816,8069,6911,2813,8229
361,364,2491,4766,484,1690,5653
362,1506,4125,449,1768,1533,4322
363,7840,2054,16,5181,8159,4655
364,2590,2635,10980,1023,3082,6528
365,1756,8858,6665,10034,3753,2468
366,6985,7915,5913,4469,51,1403
367,3937,4607,11214,7415,3243,7183
368,614,7769,5705,8119,11244,1816
369,484,4766,6487,10991,5577,5895
370,9496,3544,449,8229,9572,364
371,1391,3931,2582,2393,5653,2054
372,4087,2590,1690,4450,16,1768
373,8069,8858,2491,3082,1533,6201
374,4655,931,1403,51,1756,11417
375,3753,5913,4125,2813,3937,5181
376,10980,6985,7840,4322,11242,7415
377,1023,4020,2556,111,10034,2231
378,6429,2468,6911,1506,6528,4469
379,7915,4607,3501,8159,6665,2635