team,match_key,auto_fuel_pre_epa,tele_fuel_pre_epa,auto_fuel_recent_epa,tele_fuel_recent_epa
16,2026gal_qm3,15.14,99.21,12.97,94.77
51,2026gal_qm8,19.45,103.64,28.41,110.59
111,2026gal_qm11,33.49,133.38,28.16,150.75
116,2026mdbet_qm2,2.98,12.54,8.59,24.67
122,2026chcmp_qm5,18.1,76.75,21.11,99.15
339,2026chcmp_qm9,5.8,29.03,12.78,35.17
346,2026chcmp_qm3,12.19,81.91,14.9,121.75
364,2026gal_qm5,27.05,93.62,31.97,70.06
401,2026chcmp_qm1,21.85,89.65,27.43,92.89
422,2026chcmp_qm5,32.75,130.11,26.52,126.92
449,2026gal_qm3,39.4,152.18,37.96,158.05
484,2026gal_qm7,31.33,136.21,36.37,156.63
526,2026vaale_qm3,5,18.23,7.28,18.76
539,2026vaale_qm1,10.11,36.89,7.25,15.78
540,2026chcmp_qm1,12.17,65.69,19.14,105.14
611,2026vaale_qm7,8.16,29.79,6.95,19.9
612,2026vaale_qm4,4.97,18.15,6.97,23.4
614,2026gal_qm10,26.18,74.22,21.92,58.11
619,2026chcmp_qm6,16.14,108.02,18.87,125.88
620,2026chcmp_qm6,12.46,42.95,9.82,63.13
686,2026chcmp_qm7,20.15,70.13,20.88,105.46
836,2026chcmp_qm6,23.43,115.67,27.18,132.2
888,2026chcmp_qm9,25.76,98.57,28.82,94.99
931,2026gal_qm13,8.71,42.12,16.65,52.09
1023,2026gal_qm8,30.85,83.25,37.07,108.22
1086,2026chcmp_qm3,14.47,70.79,22.37,93.88
1111,2026chcmp_qm3,4.72,2.9,7.37,4.53
1262,2026chcmp_qm8,13.17,76.38,12.67,79.27
1389,2026chcmp_qm5,11.79,47.42,12.11,57.96
1391,2026gal_qm8,32.88,126.71,32.77,131.52
1403,2026gal_qm12,29.28,122.15,32.09,115.27
1446,2026mdbet_qm1,4.75,17.34,5.54,6.95
1506,2026gal_qm8,15.75,101.08,28.49,139.87
1533,2026gal_qm9,19.16,87.88,19.31,47.97
1629,2026chcmp_qm7,25.6,87.44,23.33,105.76
1690,2026gal_qm12,48.3,194.78,64.13,229.34
1719,2026chcmp_qm1,8.23,16.68,15.95,24.52
1727,2026chcmp_qm7,11.33,98.39,13.25,110.25
1731,2026chcmp_qm4,20.52,102.73,33.88,112.17
1756,2026gal_qm4,18.54,127.18,23.1,128.72
1768,2026gal_qm11,39.16,171.71,46.9,217.31
1793,2026vaale_qm6,3.58,13.07,2.25,8.23
1816,2026gal_qm4,10.24,36.46,14.88,40.04
1885,2026vaale_qm1,8.93,32.61,5.36,15.87
1895,2026chcmp_qm7,15.16,41.46,7.52,38.65
1908,2026chcmp_qm8,13.81,79.53,20.35,114.54
2028,2026vaale_qm2,7.17,26.15,4.29,28.19
2054,2026gal_qm11,26.8,118.75,26.42,131.65
2068,2026chcmp_qm3,8.65,26.67,8.38,32.28
2106,2026chcmp_qm1,38.84,135.76,33.99,158.44
2186,2026mdbet_qm2,6.13,16.96,9.08,18.56
2199,2026chcmp_qm4,24.39,106.35,23.78,101.15
2231,2026gal_qm9,47.18,178.59,58.94,182.11
2363,2026vaale_qm4,11.83,43.18,6.86,31.6
2377,2026chcmp_qm9,7.46,45.19,8.45,49.24
2393,2026gal_qm6,17.71,74.5,24.07,93.83
2421,2026chcmp_qm7,4.89,17.73,10.02,19.61
2468,2026gal_qm5,22.35,146.95,38.14,175.38
2491,2026gal_qm1,18.48,114.56,30.82,156.93
2534,2026vaale_qm6,9.33,34.08,3.03,7.72
2537,2026chcmp_qm4,26.84,72.1,19.68,68.87
2556,2026gal_qm5,17.21,90.09,24.88,93.41
2582,2026gal_qm2,17.37,131.49,24.4,116.84
2590,2026gal_qm10,29.01,99.29,35.34,99.08
2635,2026gal_qm3,9.1,36.55,11.22,18.56
2813,2026gal_qm2,27.62,147.82,37.91,160.43
2890,2026chcmp_qm2,6.42,43.44,9.02,55.85
2900,2026mdbet_qm3,6.99,6.25,11.21,20.53
2912,2026mdbet_qm6,0,0,2.99,-5.25
2914,2026mdbet_qm5,6.38,23.28,6.66,16.22
2963,2026vaale_qm6,4.7,17.15,4.28,7.97
2988,2026mdbet_qm5,5.48,15.96,5.67,14.65
3082,2026gal_qm7,8.9,52.27,6.44,23.28
3136,2026chcmp_qm9,11.9,56.49,13.92,94.7
3243,2026gal_qm9,12.18,73.74,23.63,98.79
3258,2026chcmp_qm2,11.25,32.3,12.16,30.53
3359,2026vaale_qm7,7.33,26.74,2.65,10.1
3361,2026chcmp_qm4,8.83,24.23,10.34,23.03
3373,2026mdbet_qm2,3.97,38.89,5.87,40.88
3501,2026gal_qm6,17.31,118.54,21.93,142.47
3544,2026gal_qm12,14.76,84.72,12.05,81.4
3714,2026mdbet_qm3,5.39,19.69,6.05,27.99
3748,2026chcmp_qm2,16.41,64.88,13.74,72.88
3753,2026gal_qm7,12.81,79.81,17.77,96.75
3931,2026gal_qm4,29.62,75.34,29.84,107.9
3937,2026gal_qm6,21.08,137.83,33.3,159.28
3939,2026chcmp_qm6,9.3,44.24,8.49,48.79
4020,2026gal_qm7,37.77,129.65,40.4,125.84
4087,2026gal_qm12,25.49,102.95,26.95,77.08
4099,2026chcmp_qm4,28.53,77.54,39.77,109.34
4125,2026gal_qm5,17.05,46.61,16.94,52.55
4322,2026gal_qm13,32.49,113.8,39.15,114.08
4450,2026gal_qm1,26.87,82.04,27.51,108.55
4456,2026mdbet_qm4,6.71,24.47,9.28,36.87
4464,2026mdbet_qm2,1.99,16.85,4.39,17.32
4469,2026gal_qm10,24.17,166.88,30.32,189.84
4472,2026chcmp_qm2,12.6,55.66,14.79,66.36
4541,2026chcmp_qm8,15.4,44.67,19.39,53.51
4607,2026gal_qm5,20.59,91.13,29.08,97.49
4638,2026mdbet_qm4,3.48,19.73,4.28,14.09
4655,2026gal_qm6,23.2,116.4,29.69,129.25
4766,2026gal_qm12,9.49,102.18,15.63,107.03
4821,2026mdbet_qm2,5.9,20.36,7.45,15.94
5181,2026gal_qm8,19.04,80.87,18.16,67.68
5243,2026chcmp_qm8,10.16,42.61,15.17,43.31
5338,2026chcmp_qm9,15.58,83.01,25.13,118.1
5353,2026mdbet_qm5,11.07,31.82,9.26,43.02
5549,2026chcmp_qm3,17.69,72.63,17.78,101.39
5577,2026gal_qm8,5.74,57.71,10.66,44.36
5587,2026chcmp_qm6,10.41,30.86,6.83,24.38
5653,2026gal_qm10,18.73,83.16,22.3,99.13
5705,2026gal_qm7,6.72,14.02,11.59,23.89
5724,2026chcmp_qm5,8.32,34.76,9.01,41.52
5804,2026chcmp_qm4,14.78,43.28,9.6,47.09
5841,2026mdbet_qm4,3.3,6.2,5.35,5.02
5895,2026gal_qm2,48.32,141.22,41.73,152.29
5913,2026gal_qm7,19.36,95.87,32.65,138.89
6201,2026gal_qm10,8.77,19.35,11.13,36.06
6239,2026mdbet_qm6,8.01,24.02,9.74,35.89
6429,2026gal_qm3,23.22,86.09,16.68,64.4
6487,2026gal_qm3,16.75,89.93,17.13,80.3
6528,2026gal_qm4,17.94,62.4,24.57,107.77
6665,2026gal_qm1,6.48,22.26,8.05,34.66
6882,2026mdbet_qm1,5.94,23.24,12.03,35.82
6911,2026gal_qm11,11.32,59.5,10.52,73.36
6985,2026gal_qm6,38,96.01,33.68,88.35
7183,2026gal_qm4,20.28,119.59,22.19,146.16
7415,2026gal_qm10,47.4,100.53,52.43,122.88
7769,2026gal_qm3,59.23,227.23,66.59,245.86
7840,2026gal_qm12,26.66,90.19,20.4,71.32
7886,2026mdbet_qm1,3.87,17.9,5.92,10.81
7915,2026gal_qm2,25.38,106.19,18.91,108.97
8069,2026gal_qm1,11.07,18.14,16.13,40.55
8119,2026gal_qm5,12.94,100.6,17.46,120.88
8159,2026gal_qm13,36.37,112.76,46.26,138.06
8229,2026gal_qm11,17.83,60.75,25.77,102.41
8230,2026vaale_qm2,6.75,24.65,4.96,22.13
8326,2026vaale_qm2,5.09,18.56,4.97,14.83
8590,2026chcmp_qm2,8.99,23.75,6.52,23
8592,2026chcmp_qm2,19.24,71.56,13.73,89.65
8858,2026gal_qm4,12.01,99.3,17.82,110.01
9033,2026chcmp_qm9,12.36,44.29,7.7,22.82
9072,2026chcmp_qm1,38.08,147.49,40.24,129.54
9403,2026vaale_qm2,6.32,23.08,5.76,15.08
9496,2026gal_qm9,53.71,189.52,62.05,202.17
9572,2026gal_qm2,20.91,115.43,31.35,131.89
10004,2026chcmp_qm8,9.87,35.29,10.61,51.31
10034,2026gal_qm6,10.52,16.97,14.6,26.39
10224,2026chcmp_qm3,8.26,57.32,11.09,82.23
10449,2026vaale_qm1,3.37,12.31,3.38,3.67
10679,2026chcmp_qm5,5.97,18.74,9.32,43.47
10980,2026gal_qm9,14.93,51.85,30.22,93.28
10991,2026gal_qm1,11.19,30.35,17.36,25.42
11211,2026mdbet_qm6,5,18.23,3.05,21.39
11214,2026gal_qm1,3.05,2.69,1.88,-14.37
11242,2026gal_qm2,8.81,44.99,9.73,46.24
11244,2026gal_qm11,9.63,26.31,7.04,18.28
11318,2026chcmp_qm5,11.84,48.2,12.82,44.06
11415,2026chcmp_qm8,17.81,98.45,21.23,143.18
11417,2026gal_qm9,4.62,29.62,11.4,37.42
11425,2026chcmp_qm7,11.11,23.43,12.72,27.5