match,blue_auto_fuel,blue_tele_fuel,red_auto_fuel,red_tele_fuel
1,5,33,6,16
2,3,13,38,47
3,15,49,20,18
4,23,5,10,29
5,15,76,49,76
6,2,57,1,9
7,0,27,0,7
8,49,108,16,46
9,10,29,10,115
10,7,6,14,98
11,5,45,5,38
12,8,9,13,35
13,30,117,22,58
14,15,32,8,48
15,2,64,20,17
16,23,48,5,40
17,22,31,14,131
18,32,126,23,60
19,37,154,1,47
20,13,54,10,33
21,25,46,28,72
22,9,55,10,97
23,21,51,31,20
24,32,99,27,67
25,5,63,11,53
26,4,67,20,37
27,8,24,14,43
28,19,71,3,9
29,15,79,33,137
30,9,65,7,28
31,20,77,10,33
32,35,157,18,71
33,44,119,12,15
34,14,21,21,49
35,21,22,60,151
36,11,31,34,148
37,3,1,15,72
38,34,100,17,10
39,10,77,16,48
40,25,75,65,186
41,15,138,6,19
42,26,81,13,14
43,27,61,34,155
44,16,26,19,22
45,42,72,18,77
46,28,139,57,53
47,16,52,29,110
48,23,115,7,30
49,13,80,11,5
50,6,50,55,115
51,28,101,17,83
52,21,55,16,56
53,40,78,32,127
54,36,124,15,19
55,28,25,5,94
56,15,96,29,130
57,47,187,25,179
58,19,26,18,14
59,22,13,25,36
60,16,96,20,62
61,33,191,43,137
62,50,209,9,33
63,20,93,11,41
64,28,91,12,81
65,17,81,16,47
66,26,66,28,70
67,43,107,18,63
68,63,111,8,71
69,37,122,10,43
70,9,173,10,28
71,16,66,26,110
72,28,83,28,154
73,24,78,33,167
74,43,40,28,106
75,18,145,16,60
76,12,46,30,94
77,16,47,24,144
78,12,124,24,23
79,15,39,17,69
80,27,152,32,183
81,48,172,10,9
82,11,21,24,86
83,32,95,37,182
84,39,157,24,178
85,16,137,24,51
86,33,82,15,32
87,36,86,64,257
88,17,31,22,60
89,32,191,21,21
90,18,82,17,27
91,12,211,20,109
92,33,75,33,121
93,25,78,19,62
94,42,107,16,14
95,31,189,22,82
96,8,41,4,3
97,59,37,22,95
98,46,180,53,143
99,6,66,22,58
100,45,176,21,51
101,46,236,11,31
102,21,89,20,10
103,19,169,13,37
104,22,103,53,147
105,32,82,34,30
106,15,6,16,90
107,103,226,26,154
108,43,141,14,188
109,19,181,26,29
110,34,124,31,117
111,42,180,10,87
112,16,33,30,228
113,28,48,13,54
114,44,218,27,29
115,37,106,31,191
116,20,50,22,32
117,19,61,34,95
118,11,29,45,136
119,16,31,66,155
120,24,123,17,70
121,36,216,10,32
122,30,77,28,149
123,64,214,65,142
124,38,130,56,36
125,25,52,16,68
126,23,20,36,170
127,12,46,19,120
128,60,304,19,72
129,53,160,35,194
130,30,147,35,108
131,20,51,15,160
132,18,80,34,158
133,28,171,76,302
134,31,129,7,40
135,31,89,25,94
136,34,123,43,187
137,58,244,28,137
138,16,59,24,48
139,21,38,23,188
140,27,151,74,198
141,23,66,28,36
142,35,134,34,130
143,26,55,50,221
144,20,144,20,58
145,20,63,47,81
146,40,154,20,96
147,118,290,75,253
148,20,192,37,147
149,35,217,31,131
150,13,117,97,329
151,24,206,38,244
152,73,350,29,152
153,38,141,60,114
154,53,199,44,226
155,45,196,77,97
156,62,163,44,343
157,27,275,56,264
158,21,116,19,164
159,49,194,36,232
160,41,297,30,175
161,52,206,54,186
162,30,145,34,215
163,17,87,116,90
164,41,302,45,171
165,25,110,40,248
166,50,271,66,249
167,27,91,61,268
168,41,77,47,201
169,57,203,111,244
170,91,475,31,307
171,15,62,42,367
172,65,198,41,236
173,39,234,47,270
174,63,231,69,288
175,61,250,24,168
176,26,131,70,363
177,72,263,78,305
178,54,259,38,178
179,58,295,49,156
180,38,165,41,177
181,47,340,36,204
182,56,299,60,104
183,87,249,52,244
184,21,73,70,210
185,35,104,74,196
186,40,43,50,275
187,26,231,36,235
188,29,297,63,291
189,117,333,32,127
190,92,385,23,212
191,64,222,53,271
192,90,298,43,131
193,49,235,21,284
194,55,338,69,314
195,84,133,112,305
196,28,105,68,103
197,25,161,59,86
198,72,522,42,100
199,52,284,76,289
200,53,184,15,47
201,60,323,98,233
202,59,355,47,154
203,19,61,77,375
204,57,272,69,251
205,35,230,27,259
206,57,315,43,157
207,51,390,23,121
208,67,278,82,158
209,28,172,20,51
210,20,136,84,413
211,78,475,21,62
212,9,159,59,289
213,58,231,60,312
214,61,315,65,191
215,38,253,29,157
216,98,207,44,116
217,42,121,26,90
218,91,225,43,56
219,28,223,43,147
220,50,435,71,327
221,33,231,87,330
222,45,317,69,326
223,46,221,25,115
224,61,310,46,318
225,52,151,47,154
226,42,134,81,365
227,92,248,77,230
228,65,377,67,232
229,23,241,79,344
230,82,160,28,96
231,62,235,20,193
232,27,301,70,393
233,57,390,34,350
234,53,192,20,35
235,77,198,41,115
236,55,170,107,158
237,17,267,17,52
238,86,347,37,229
239,51,311,37,314
240,66,317,57,214
241,50,189,42,238
242,56,384,75,320
243,67,310,46,167
244,69,155,67,151
245,40,188,39,100
246,40,150,70,285
247,59,368,99,396
248,85,314,14,161
249,23,69,72,149
250,39,210,62,128
251,86,304,49,244
252,42,211,116,384
253,71,236,38,362
254,43,88,28,186
255,88,80,20,97
256,46,313,76,294
257,82,423,15,131
258,55,374,46,306
259,75,366,109,358
260,74,346,91,409
261,127,405,33,134
262,113,349,103,388
263,122,375,103,376
264,91,388,15,319
265,52,367,27,553
266,60,244,28,187
267,133,464,79,611
268,61,368,108,384
269,60,283,116,614
270,50,359,106,211
271,17,47,114,393
272,103,415,46,392
273,102,305,60,328
274,64,211,111,418
275,143,584,142,582
276,58,380,115,394
277,115,348,16,69
278,96,333,44,298
279,16,29,59,331
280,79,363,53,282
281,37,187,70,184
282,107,527,65,313
283,59,128,142,329
284,102,441,85,341
285,142,696,70,382
286,56,259,40,280
287,56,226,19,115
288,17,110,77,287
289,60,407,54,153
290,107,418,125,526
291,162,536,68,333
292,22,330,86,411
293,82,408,77,377
294,85,303,132,630
295,43,210,111,638
296,81,283,126,467
297,70,194,77,246
298,52,248,81,383
299,92,346,115,336
300,90,349,132,474
301,35,204,83,235
302,106,317,37,88
303,150,496,101,326
304,15,73,84,267
305,86,247,81,503
306,144,410,151,440
307,73,230,76,434
308,75,275,67,303
309,61,251,93,355
310,46,98,145,513
311,11,45,87,169
312,78,262,75,230
313,71,399,57,422
314,51,423,93,287
315,67,256,23,89
316,129,626,22,39
317,116,459,83,406
318,77,337,80,483
319,110,287,61,208
320,125,435,133,328
321,71,576,79,279
322,62,123,106,342
323,84,236,92,319
324,70,288,101,511
325,59,251,39,130
326,59,156,81,199
327,66,308,63,172
328,79,132,145,483
329,47,191,89,376
330,85,300,104,460
331,59,401,127,476
332,77,250,111,363
333,113,287,132,519
334,91,330,116,392
335,105,412,57,288
336,86,544,38,139
337,54,136,74,289
338,54,135,27,292
339,79,247,33,173
340,81,266,35,103
341,203,676,69,260
342,132,325,64,300
343,123,372,49,413
344,49,278,119,356
345,55,224,101,320
346,77,335,47,518
347,121,593,85,209
348,15,28,79,279
349,125,373,68,217
350,98,323,39,280
351,106,314,91,128
352,74,242,75,238
353,77,427,101,369
354,63,307,64,359
355,57,202,47,418
356,114,380,117,292
357,36,154,43,194
358,75,275,69,415
359,33,310,87,288
360,75,355,31,183
361,158,502,89,228
362,118,252,136,394
363,94,304,51,294
364,62,261,106,154
365,79,314,47,213
366,106,367,74,334
367,72,297,90,235
368,52,120,110,357
369,97,248,72,361
370,109,376,158,393
371,80,301,63,408
372,30,478,157,450
373,19,2,53,249
374,80,220,99,85
375,112,231,56,260
376,113,453,34,235
377,73,339,94,418
378,124,391,79,301
379,64,260,56,289